www.wikipedia.com , www.newyorktimes.com
www.wikipedia.com ,  www.cnn.com
www.wikipedia.com , www.nationalgeographic.com
New Website Data
www.newyorktimes.com , www.wikipedia.com
www.newyorktimes.com , www.cnn.com
www.newyorktimes.com , www.nasa.com
www.newyorktimes.com , www.sciencedaily.com
www.newyorktimes.com , www.bbc.com
www.newyorktimes.com , www.unitednations.com
www.newyorktimes.com , www.npr.org
www.newyorktimes.com , www.entertainmenttonight.com
www.newyorktimes.com , www.netflix.com
www.newyorktimes.com , www.imdb.com
www.newyorktimes.com , www.skysports.com
www.newyorktimes.com , www.filgoal.com
www.newyorktimes.com , www.bein.com
New Website Data
www.twitter.com , www.newyorktimes.com
www.twitter.com , www.wikipedia.com
www.twitter.com , www.cnn.com
www.twitter.com , www.nationalgeographic.com
www.twitter.com , www.nasa.com
www.twitter.com , www.sciencedaily.com
www.twitter.com , www.bbc.com
www.twitter.com , www.unitednations.com
www.twitter.com , www.npr.org
www.twitter.com , www.entertainmenttonight.com
www.twitter.com , www.netflix.com
www.twitter.com , www.imdb.com
www.twitter.com , www.skysports.com
www.twitter.com , www.filgoal.com
www.twitter.com , www.bein.com
New Website Data
www.cnn.com , www.newyorktimes.com
www.cnn.com , www.wikipedia.com
www.cnn.com , www.nationalgeographic.com
www.cnn.com , www.nasa.com
www.cnn.com , www.sciencedaily.com
www.cnn.com , www.bbc.com
www.cnn.com , www.unitednations.com
www.cnn.com , www.npr.org
www.cnn.com , www.entertainmenttonight.com
www.cnn.com , www.netflix.com
www.cnn.com , www.imdb.com
www.cnn.com , www.skysports.com
www.cnn.com , www.filgoal.com
www.cnn.com , www.bein.com
New Website Data
www.nationalgeographic.com , www.nasa.com
www.nationalgeographic.com , www.sciencedaily.com
www.nationalgeographic.com , www.npr.org
New Website Data
www.nasa.com , www.sciencedaily.com
New Website Data
www.sciencedaily.com , www.nationalgeographic.com 
New Website Data
www.bbc.com , www.newyorktimes.com
www.bbc.com , www.wikipedia.com
www.bbc.com , www.cnn.com
www.bbc.com , www.nationalgeographic.com
www.bbc.com , www.nasa.com
www.bbc.com , www.sciencedaily.com
www.bbc.com , www.unitednations.com
www.bbc.com , www.npr.org
www.bbc.com , www.entertainmenttonight.com
www.bbc.com , www.netflix.com
www.bbc.com , www.imdb.com
www.bbc.com , www.skysports.com
www.bbc.com , www.filgoal.com
www.bbc.com , www.bein.com
www.bbc.com , www.twitter.com 
New Website Data
www.unitednations.com , www.bbc.com
www.unitednations.com , www.sciencedaily.com
www.unitednations.com , www.cnn.com
www.unitednations.com , www.nationalgeographic.com
New Website Data
www.npr.org , www.unitednations.com 
New Website Data
www.entertainmenttonight.com , www.netflix.com
www.entertainmenttonight.com , www.imdb.com
New Website Data
www.netflix.com , www.imdb.com
New Website Data
www.imdb.com , www.netflix.com
New Website Data
www.filgoal.com , www.skysports.com
www.filgoal.com , www.bein.com
New Website Data
www.skysports.com , www.bein.com
New Website Data
www.bein.com , www.skysports.com 
